date	time	action	issues
2026-08-18	13:51:07	apply-types	1146,1147,1151,1155,1158,1169,1183,1185
2026-08-18	13:51:16	apply-labels	1146,1151,1153,1183,1184,1185
2026-08-18	13:51:26	publish-verdicts	1185
2026-08-18	15:04:30	apply-types	1187,1203,1206,1207,1209,1213,1215,1217,1223
2026-08-18	15:04:37	apply-labels	1197,1203,1206,1207
2026-08-18	15:04:49	publish-verdicts	1209
2026-08-18	16:00:34	apply-types	1224,1226,1229,1238,1246,1254,1265,1273,1277,1306
2026-08-18	16:00:46	apply-labels	1224,1226,1229,1238,1246,1254,1273,1277
2026-08-18	16:01:00	publish-verdicts	1224,1229,1273
2026-08-18	17:25:07	apply-types	1347,1359,1384,1392,1409,1415,1423,1424
2026-08-18	17:25:15	apply-labels	1331,1359,1375,1384,1415,1424
2026-08-18	17:25:30	publish-verdicts	1359,1409,1415
2026-08-18	17:53:22	apply-types	1427,1437,1440,1455,1456,1458,1463,1464,1466
2026-08-18	17:53:29	apply-labels	1427,1437,1440,1455
2026-08-18	17:53:40	publish-verdicts	1464
2026-08-18	18:06:34	apply-types	1477,1480,1484,1496,1497,1515,1518,1519,1521
2026-08-18	18:06:41	apply-labels	1477,1491,1496,1515,1518,1519
2026-08-18	18:06:59	publish-verdicts	1519
