date	action	issue	key	sha256
2026-08-15	type	953		703a5028367b34d87af5efe43f6ba90015830c34010a99342141547c82c0454c
2026-08-15	labels	953		2c42f8df39dbb3a3910a104375a17bbf2b0498149cd87776c0bb245e19fa3084
2026-08-15	comment	953	953	c640a40cc776863fdedf8115ecdcfdd7e03e305c38f1e4eef2ad89f55934fa39
2026-08-15	close	953		82359ca826a48656412ecbe6f9c0f9483dcb90c2b22b854a99f323ea9d523298
2026-08-15	type	957		703a5028367b34d87af5efe43f6ba90015830c34010a99342141547c82c0454c
2026-08-15	labels	957		840a5dcd19ab2c1e7d80a54dfb4c71cf5d883bcf3323296a775a79a32c637e40
2026-08-15	comment	957	957	349296a666f54b94c1244fecc01ec95c2d7e5ad222e2ccd93f848e843fee06dc
2026-08-15	close	957		5344a0b2eb9c6e8e530fee2959078fe7eba053dd5d4e3e253eff5719f96ac685
2026-08-15	comment	431	431	5fcc0bef7289d7f2f2cd494ba3a11c335a9452a3390cccfcc28f18c1807ffb59
